{
  "setting": {
    "compileHotReLoad": true
  },
  "condition": {
    "miniprogram": {
      "list": [
        {
          "name": "",
          "pathName": "pages/dice/treasure/treasure",
          "query": "",
          "scene": null
        },
        {
          "name": "",
          "pathName": "pages/roulette/roulette",
          "query": "",
          "scene": null
        },
        {
          "name": "",
          "pathName": "uncle/page/index/index",
          "query": "",
          "scene": null
        }
      ]
    }
  },
  "description": "项目私有配置文件。此文件中的内容将覆盖 project.config.json 中的相同字段。项目的改动优先同步到此文件中。详见文档：https://developers.weixin.qq.com/miniprogram/dev/devtools/projectconfig.html",
  "projectname": "%E5%96%9D%E9%85%92%E7%A5%9E%E5%99%A8",
  "libVersion": "2.32.3"
}