{
        "description": "项目配置文件",
        "packOptions": {
                "ignore": []
        },
        "setting": {
                "bundle": false,
                "userConfirmedBundleSwitch": false,
                "urlCheck": true,
                "scopeDataCheck": false,
                "coverView": true,
                "es6": true,
                "postcss": true,
                "compileHotReLoad": false,
                "lazyloadPlaceholderEnable": false,
                "preloadBackgroundData": false,
                "minified": true,
                "autoAudits": false,
                "newFeature": false,
                "uglifyFileName": false,
                "uploadWithSourceMap": true,
                "useIsolateContext": true,
                "nodeModules": false,
                "enhance": true,
                "useMultiFrameRuntime": true,
                "useApiHook": true,
                "useApiHostProcess": true,
                "showShadowRootInWxmlPanel": true,
                "packNpmManually": false,
                "enableEngineNative": false,
                "packNpmRelationList": [],
                "minifyWXSS": true,
                "showES6CompileOption": false,
                "minifyWXML": true
        },
        "compileType": "miniprogram",
        "libVersion": "2.20.2",
        "appid": "wx36735fdd989e31ae",
        "projectname": "miniprogram-6",
        "debugOptions": {
                "hidedInDevtools": []
        },
        "scripts": {},
        "staticServerOptions": {
                "baseURL": "",
                "servePath": ""
        },
        "isGameTourist": false,
        "condition": {
                "search": {
                        "list": []
                },
                "conversation": {
                        "list": []
                },
                "game": {
                        "list": []
                },
                "plugin": {
                        "list": []
                },
                "gamePlugin": {
                        "list": []
                },
                "miniprogram": {
                        "list": []
                }
        }
}